{"index_value":33473.47,"wti_price":96.69000244140625,"brent_price":99.55999755859375,"timestamp":"2026-04-01T16:00:00.000Z","change":-51.02,"change_percent":-0.15,"threat_level":"high","threat_percent":-9.56,"wti_change_percent":0,"brent_change_percent":0}
